jobTitle,jobLocation,jobLink
Website Engineer/Developer/Manager,India,https://www.glassdoor.co.in/partner/jobListing.htm?pos=101&ao=1110586&s=58&guid=000001881dbbc8428fbd170e84e8ad2e&src=GD_JOB_AD&t=SR&vt=w&ea=1&cs=1_10ccca1f&cb=1684126026185&jobListingId=1008577103640&cpc=18C9CE28155C17C5&jrtk=3-0-1h0erni39kbl4801-1h0erni3njcaq800-bebe6be36706c8e3--6NYlbfkN0AtReIKHun5F9HVHmjtgsvKljbtg9AqD6OgnQyjZl4X5_YsafOg8L2GdEyWsdwN6qdvn_uqd5xLadfiiKdJsITnsJPdic-vnKqHglyUWqbSKYHkyvb-hutfcCLk5VdzXLTFVnBgcQ79YV7ChLX6T4aREdDEvoiJwg5xWw0yjqARHVcXwjQrBuDj2Mi8bGkpJHhHrMYb7XuHVADSnuHq8TKeDaoKXFgeieoA97H2gfHo-_Lyn58WhFQazouxzlXjLjpVW1IHIZe7SackOCHZEKlaavtsMtIYo33oeS3mJyGolYAnTjYsXdUmN094JyunxlYZ1pWRc-kKQxHJZ_4XetpKsTH_rBU1y9OOFGuM5n8jHECfYkUdWJiuccJKr9IoM-gjUEGvcViuqQpEiQTO9jlHv1b68f_7oDcNVkW1nce4sDghd5GZSKgtCc9Jfj8OhWO-dEk1XId4pHUtN8mToR376LnpWMwk9lXIIA7P1LtR-R1wfP_z_4gxPIpN7RLDKP7buXjsjatwkDeiTH7YdVyFaChp0hG1S5qrp2RtkPJoD5u4Ajnhlh7yqFzKeCJfVXf8j3kyZaHAxQ%3D%3D
Website Engineer/Developer/Manager,New Delhi,https://www.glassdoor.co.in/partner/jobListing.htm?pos=102&ao=1136043&s=58&guid=000001881dbbc8428fbd170e84e8ad2e&src=GD_JOB_AD&t=SR&vt=w&ea=1&cs=1_87e574aa&cb=1684126026185&jobListingId=1008630882474&jrtk=3-0-1h0erni39kbl4801-1h0erni3njcaq800-2b36afd371906be9-
Website Engineer/Developer/Manager,India,https://www.glassdoor.co.in/partner/jobListing.htm?pos=103&ao=1110586&s=58&guid=000001881dbbc8428fbd170e84e8ad2e&src=GD_JOB_AD&t=SR&vt=w&ea=1&cs=1_09525094&cb=1684126026185&jobListingId=1008570037433&cpc=9DC6E4D8324653EE&jrtk=3-0-1h0erni39kbl4801-1h0erni3njcaq800-ea88aed2a99bf146--6NYlbfkN0AtReIKHun5F9HVHmjtgsvKljbtg9AqD6OgnQyjZl4X5_YsafOg8L2Gk0RF5tbJEKRGDmZoHusET_Eb6XIFOM1R94jSdjeuZDtDIMAthO7Fr5Q5WKhaFwI91SXd5vQXOWNBsMLPM8nlErrsOqDMGDgEWzlo9OAElmyOed0oBSF1T4nz-1qZ_H7k4RcZdgJtv80NWF0y-QBDxsvUyA_fOniYoyPZE3_avvjawK77eGqqd6X2Nrnj9nsYHsq7tHITewDsO6J0Y3Mxk0lqttDBMeC69HRFEFUd5QBlqePLSwzZvhyC9u4qpOADp_d9nWU-i_QVqLVB-QnOt1L54jGM0E7VviMTfat4gpPFizFMHf6ffZVfkuX351CL3Cz64XVa5pJEHaizb3VvFvrhtpm2P8YbXVgpfm8TJiYoRLugAzjJB-fIY9v0AQz-t-X_dZ8rPVCmrlGkLdf8wZXzXDsppkXN5lswI84HyWaOY6gmaowhz9AYYhkavQlERamyRERPU2RNwYoWsGcKI5fiDMH3cvyVXALMklRt1Suq_MvP0BC8vVE_NZEeeGiooUfF6VQp3AeNb6-mGHVHWA%3D%3D
Website Engineer/Developer/Manager,Mohali,https://www.glassdoor.co.in/partner/jobListing.htm?pos=104&ao=1136043&s=58&guid=000001881dbbc8428fbd170e84e8ad2e&src=GD_JOB_AD&t=SR&vt=w&ea=1&cs=1_8689e962&cb=1684126026185&jobListingId=1008623217074&jrtk=3-0-1h0erni39kbl4801-1h0erni3njcaq800-c14018115f5aaea7-
Website Engineer/Developer/Manager,Noida,https://www.glassdoor.co.in/partner/jobListing.htm?pos=105&ao=1136043&s=58&guid=000001881dbbc8428fbd170e84e8ad2e&src=GD_JOB_AD&t=SR&vt=w&ea=1&cs=1_400f8f85&cb=1684126026185&jobListingId=1008607258589&jrtk=3-0-1h0erni39kbl4801-1h0erni3njcaq800-456b811cf6d7c753-
Python Software Developer,Gurgaon,https://www.glassdoor.co.in/partner/jobListing.htm?pos=101&ao=1136043&s=58&guid=000001881dbc084191d731079d3dd85a&src=GD_JOB_AD&t=SR&vt=w&ea=1&cs=1_5dc4fbbf&cb=1684126042472&jobListingId=1008603805953&jrtk=3-0-1h0ero23nj4it801-1h0ero244j4gq800-d56c27b4c78bbcaa-
Python Developer,Noida,https://www.glassdoor.co.in/partner/jobListing.htm?pos=102&ao=1136043&s=58&guid=000001881dbc084191d731079d3dd85a&src=GD_JOB_AD&t=SR&vt=w&ea=1&cs=1_dd5fd35b&cb=1684126042472&jobListingId=1008637009846&jrtk=3-0-1h0ero23nj4it801-1h0ero244j4gq800-f976faa06a2b2558-
"Senior Software Engineer, QA - X Delivery",New Delhi,https://www.glassdoor.co.in/partner/jobListing.htm?pos=103&ao=1110586&s=58&guid=000001881dbc084191d731079d3dd85a&src=GD_JOB_AD&t=SR&vt=w&cs=1_2be1ba57&cb=1684126042472&jobListingId=1008600692014&cpc=1D891ED3EFC3904E&jrtk=3-0-1h0ero23nj4it801-1h0ero244j4gq800-bdbd037b32042e4f--6NYlbfkN0Ad1FFWZOsBBwBZDGouyCcICeLSd3pQct3wJ1q5dPO7JF-E5bbmw2zZCEeKO5Ucz0nb6-PDTs1sTK6DD5OI27pt1EEzqfdibCTgcMEN3dD4YtK70WnmBXvrlVq-WQn907OdVG_ak2L7e1-pSi2eEGjcqEqm58eM6a_3_K0wvNcK5XI1qAuQ7cBECiDASeKTtSVcn9GqS-9tGNupGQ_kGGjsigHPF-73U8F_dfp4pgMT_r4zBqLAIqiXt7yu-ebh0ln6F5-oT_ivrH5feLgjLjmUo5N9iCBe0kLCkART4jOPNqmWr1G3mGKl6B66SNey4aLA0-F6thND8EeNSLCvinuvUlQHYg6Sqb4HJuPyy-liu7ZEedycGSXj-ZxnSLJiIYB0eS54K352vPd5plaQ3E0w1J_NBIK-eI4RjISeLyW09NcXelen6ff9AKEePf2gmV2ZzRn1iLrTy2BxyULyGIZNx1kHuoTZ5xDamG5BJsMb3b3PtKK2WfeMchOa5MNr2v5cadt5yosjn5huYgCc8UgEWU66Frlo0JJ6wPuZC_b8gGl-yhU7QrmkMe9m4BeJvtC4gjV1-hos5ZQtdbIHP9ra29gqqg-r0kWOVi0SZ4qg6TxF9px_pH_vYlgMB1i49XY_V2nTIHo3dbupHH-SzbXz3NMcUbtTep1v8LzlA-ahPdU8m8-SjyEmCrZo9ilYqc-XxK3tnMYMr8qUO9SRLpw7cosJOYrzSCExo7NgejTRwCMSPPASOhBq_rKrhEO3LV_PILAo5LLtKETVqoTdXq3_Sp5mI77mfXA9_1_mSeGI-PeXUfFSiOQ5gqYhcvDIukbeasjb0cW7_xf44cVdFMG6euUawJn1DOR8KUitHIYQ_yUn6dK-ApUcjnb7Awfx-xckr_rvzlkPEg1xGr2lkI6Vo8DNRTUpEoqoBVkXPuExvBjGhwz40nRpABtdxVXUkVQw0N0DgxPmBgKumUXjaB_1xZXyMZ10QJxffBSkOq4VKVr9MD9cBUqr6Ig_panw-3xWA74wKbkEwDk7EFwS9J7AF-XKVXTtuF6w6j6-_6EJE3bdRlTQOJ5OR70Igeu-HhbiS7doiWImh30KmlZkzxvQRzxa4mm63nFi4Szi5Ba7hMSVvhAIFmZMVbw81mrUx6oTfd6cI58E_LMMINGWelFdvEQ4dD4HcXO3CYAHSuU7O2UMPw9riSQTCdGcgj8GtWE%3D
Python Developer,India,https://www.glassdoor.co.in/partner/jobListing.htm?pos=104&ao=1136043&s=58&guid=000001881dbc084191d731079d3dd85a&src=GD_JOB_AD&t=SR&vt=w&ea=1&cs=1_b5cb165e&cb=1684126042472&jobListingId=1008547151303&jrtk=3-0-1h0ero23nj4it801-1h0ero244j4gq800-d28a2a45fd1dab11-
Django/Flask Developer,Remote,https://www.glassdoor.co.in/partner/jobListing.htm?pos=105&ao=1136043&s=58&guid=000001881dbc084191d731079d3dd85a&src=GD_JOB_AD&t=SR&vt=w&ea=1&cs=1_d1e8aa4c&cb=1684126042473&jobListingId=1008631683369&jrtk=3-0-1h0ero23nj4it801-1h0ero244j4gq800-1df2d99be8e3bb67-
Mysql Engineer/Developer/Manager,Noida,https://www.glassdoor.co.in/partner/jobListing.htm?pos=101&ao=1136043&s=58&guid=000001881dbc440b81adbf4527b95c6a&src=GD_JOB_AD&t=SR&vt=w&ea=1&cs=1_5b90fb5f&cb=1684126057805&jobListingId=1008575388536&jrtk=3-0-1h0eroh262cgk001-1h0eroh2kirkj800-3e4a7c4e7885b1b9-
Mysql Engineer/Developer/Manager,Noida,https://www.glassdoor.co.in/partner/jobListing.htm?pos=102&ao=1136043&s=58&guid=000001881dbc440b81adbf4527b95c6a&src=GD_JOB_AD&t=SR&vt=w&ea=1&cs=1_b98674d2&cb=1684126057805&jobListingId=1008625926875&jrtk=3-0-1h0eroh262cgk001-1h0eroh2kirkj800-aab16ff6759b59b0-
Mysql Engineer/Developer/Manager,Noida,https://www.glassdoor.co.in/partner/jobListing.htm?pos=103&ao=1136043&s=58&guid=000001881dbc440b81adbf4527b95c6a&src=GD_JOB_AD&t=SR&vt=w&ea=1&cs=1_21af8101&cb=1684126057805&jobListingId=1008550951072&jrtk=3-0-1h0eroh262cgk001-1h0eroh2kirkj800-8e86939b0aa364ca-
Mysql Engineer/Developer/Manager,Remote,https://www.glassdoor.co.in/partner/jobListing.htm?pos=104&ao=1136043&s=58&guid=000001881dbc440b81adbf4527b95c6a&src=GD_JOB_AD&t=SR&vt=w&ea=1&cs=1_8ddc964a&cb=1684126057805&jobListingId=1008633783461&jrtk=3-0-1h0eroh262cgk001-1h0eroh2kirkj800-e9fb277e2e9e0958-
Mysql Engineer/Developer/Manager,Farīdābād,https://www.glassdoor.co.in/partner/jobListing.htm?pos=105&ao=1136043&s=58&guid=000001881dbc440b81adbf4527b95c6a&src=GD_JOB_AD&t=SR&vt=w&cs=1_57070257&cb=1684126057805&jobListingId=1008542900241&jrtk=3-0-1h0eroh262cgk001-1h0eroh2kirkj800-73326f2de0d26d04-
HTML Developer,Gurgaon,https://www.glassdoor.co.in/partner/jobListing.htm?pos=101&ao=1136043&s=58&guid=000001881dbc7a35a0a02d5c03ceac7f&src=GD_JOB_AD&t=SR&vt=w&ea=1&cs=1_ce957a32&cb=1684126071844&jobListingId=1008599434087&jrtk=3-0-1h0erouinjfn0801-1h0erouj3h4e8800-3ae14db5990bf9b0-
ReactJS Frontend Developer,New Delhi,https://www.glassdoor.co.in/partner/jobListing.htm?pos=102&ao=1136043&s=58&guid=000001881dbc7a35a0a02d5c03ceac7f&src=GD_JOB_AD&t=SR&vt=w&ea=1&cs=1_7c25fe4c&cb=1684126071844&jobListingId=1008620530336&jrtk=3-0-1h0erouinjfn0801-1h0erouj3h4e8800-90044b27b4b9fa3b-
Web Development Intern,Mohali,https://www.glassdoor.co.in/partner/jobListing.htm?pos=103&ao=1136043&s=58&guid=000001881dbc7a35a0a02d5c03ceac7f&src=GD_JOB_AD&t=SR&vt=w&ea=1&cs=1_1879f809&cb=1684126071845&jobListingId=1008623217074&jrtk=3-0-1h0erouinjfn0801-1h0erouj3h4e8800-c14018115f5aaea7-
Software Developer- Web Applications,Bengaluru,https://www.glassdoor.co.in/partner/jobListing.htm?pos=104&ao=1136043&s=58&guid=000001881dbc7a35a0a02d5c03ceac7f&src=GD_JOB_AD&t=SR&vt=w&cs=1_77dcc0e0&cb=1684126071845&jobListingId=1008518901630&jrtk=3-0-1h0erouinjfn0801-1h0erouj3h4e8800-45aaa42cca0a5dd2-
React.js Intern,Gurgaon,https://www.glassdoor.co.in/partner/jobListing.htm?pos=105&ao=1136043&s=58&guid=000001881dbc7a35a0a02d5c03ceac7f&src=GD_JOB_AD&t=SR&vt=w&ea=1&cs=1_3063b9dc&cb=1684126071845&jobListingId=1008595507957&jrtk=3-0-1h0erouinjfn0801-1h0erouj3h4e8800-ef3fbe4ca0863d25-
HTML Developer,Gurgaon,https://www.glassdoor.co.in/partner/jobListing.htm?pos=101&ao=1136043&s=58&guid=000001881dbcce5aa0ef8b4ab0675941&src=GD_JOB_AD&t=SR&vt=w&ea=1&cs=1_6656cac7&cb=1684126093180&jobListingId=1008599434087&jrtk=3-0-1h0erpjk1jcb5801-1h0erpjkfjcaq800-3ae14db5990bf9b0-
Web Development Intern,Mohali,https://www.glassdoor.co.in/partner/jobListing.htm?pos=102&ao=1136043&s=58&guid=000001881dbcce5aa0ef8b4ab0675941&src=GD_JOB_AD&t=SR&vt=w&ea=1&cs=1_fc92de5f&cb=1684126093180&jobListingId=1008623217074&jrtk=3-0-1h0erpjk1jcb5801-1h0erpjkfjcaq800-c14018115f5aaea7-
HTML Developer,Gurgaon,https://www.glassdoor.co.in/partner/jobListing.htm?pos=103&ao=1136043&s=58&guid=000001881dbcce5aa0ef8b4ab0675941&src=GD_JOB_AD&t=SR&vt=w&ea=1&cs=1_557f8f17&cb=1684126093180&jobListingId=1008615409238&jrtk=3-0-1h0erpjk1jcb5801-1h0erpjkfjcaq800-d14a59bbc1d1b6bd-
HTML Developer,Noida,https://www.glassdoor.co.in/partner/jobListing.htm?pos=104&ao=1136043&s=58&guid=000001881dbcce5aa0ef8b4ab0675941&src=GD_JOB_AD&t=SR&vt=w&ea=1&cs=1_f26c919f&cb=1684126093180&jobListingId=1008605339759&jrtk=3-0-1h0erpjk1jcb5801-1h0erpjkfjcaq800-413b09ba4f88cfc9-
HTML Developer Intern,Noida,https://www.glassdoor.co.in/partner/jobListing.htm?pos=105&ao=1136043&s=58&guid=000001881dbcce5aa0ef8b4ab0675941&src=GD_JOB_AD&t=SR&vt=w&ea=1&cs=1_b7b8c8db&cb=1684126093181&jobListingId=1008607258589&jrtk=3-0-1h0erpjk1jcb5801-1h0erpjkfjcaq800-456b811cf6d7c753-
